File Name,MD5,SHA1,SHA256,SHA512
../Hasher/hashes.csv,d41d8cd98f00b204e9800998ecf8427e,da39a3ee5e6b4b0d3255bfef95601890afd80709,e3b0c44298fc1c149afbf4c8996fb92427ae41e4649b934ca495991b7852b855,cf83e1357eefb8bdf1542850d66d8007d620e4050b5715dc83f4a921d36ce9ce47d0d13c5d85f2b0ff8318d2877eec2f63b931bd47417a81a538327af927da3e
../Hasher/README.md,2c79c744c79b6de0e3518d9b33381e7b,c05d474f1dfce018cbec066b4bd4ea23cdc096af,b7ea70f36aa8a3e1ba48758c081c07c15c7038377e56ead132fda1de8b57f8aa,e4046045c5a1447da08b059ad79b64587ff5205f50c3df3537a5547457b853682e713a71cc826834e94ae323940812ff0ac038b2013de3e9fd24672b54434d69
../Hasher/hashes.txt,b73456b727416282956bee0edf255e96,61dffbb93f121090de08c67e1f3202ab843b195a,a4457dc234c8657060d2ca6170b680f2c477f3c9c0382c35f652e5b1912e259b,59f9419d9a7bbf7ca605e8f96e95b3712b3832d3e3a02f48c678b0a10d661d5bf68917ea25166b0769eaf2785ab67965f0ad4898e3abcea190a6911be822543a
../Hasher/Hasher.py,67d50b2274a02aee17bb413749a36102,c2b1304c0cbf1e7eeb8209867e1112494f891663,4d7e0be04927831628944e3db9a5027f8c5f932ec33ed565d3662a7274e00230,515edeab64d11e0295d4c77dd2025f794dd1cbb551803dc1b94df23b145e3103dbffd59531c7da075ca874dda4b2b30e4c0f8cfcc5dbbac656145a3914937f25
Hasher.py,67d50b2274a02aee17bb413749a36102,c2b1304c0cbf1e7eeb8209867e1112494f891663,4d7e0be04927831628944e3db9a5027f8c5f932ec33ed565d3662a7274e00230,515edeab64d11e0295d4c77dd2025f794dd1cbb551803dc1b94df23b145e3103dbffd59531c7da075ca874dda4b2b30e4c0f8cfcc5dbbac656145a3914937f25
README.md,2c79c744c79b6de0e3518d9b33381e7b,c05d474f1dfce018cbec066b4bd4ea23cdc096af,b7ea70f36aa8a3e1ba48758c081c07c15c7038377e56ead132fda1de8b57f8aa,e4046045c5a1447da08b059ad79b64587ff5205f50c3df3537a5547457b853682e713a71cc826834e94ae323940812ff0ac038b2013de3e9fd24672b54434d69
.\hashes.csv,4511a022e9cd6ff40568364179fa783d,d0f553e18875d30382abc19cb0633e69fbf0ba81,c839db26c2357832f2df8824728780160173336625c081425e538db1abff0de1,1697312dc1c0e3e402a9588c41ca33bfa5199fa327d806000e211c547e32edfc737c0e88c49bbcccba791d71a46b654c117cd703ed9e714776bcfc65a61e1f3c
.\Hasher.py,0a64f9f035acfa69b0402cf2ba883110,17ebde1af8eb32d321a3f7024627ebd022facf4d,0c700ffb2529a732fb97accafbac17c84b5a5057b9f1282cb2883f6c83ed6c03,385562a39953b1292d803573e6622bfa7317fd150c486cfe5857e3b982e43753547e1ab688e1191e4e94979eab3e23d1a42103fbc1d8c048dab7f320095b2dbc
.\hashes.csv,bdcfe567f3f4424c4f831232b8c3a43e,8fec979c8ee596e85d29a39c4e14174dc14e1fea,2c4edc5f130daf75d3c08aaf947073400f68e62937c0e68af39cdb58d4dc92f9,ed5877ae510077396977c11a2fc4c800912d644c67ba826f784fdbee3c015775fcfe0282db160b8ee1638f4b0fd1119eb473d4a404fec6c2a0f534f7fae89cfc
.\hashes.txt,b73456b727416282956bee0edf255e96,61dffbb93f121090de08c67e1f3202ab843b195a,a4457dc234c8657060d2ca6170b680f2c477f3c9c0382c35f652e5b1912e259b,59f9419d9a7bbf7ca605e8f96e95b3712b3832d3e3a02f48c678b0a10d661d5bf68917ea25166b0769eaf2785ab67965f0ad4898e3abcea190a6911be822543a
.\README.md,4f270dd6ff2eb8decbad3052882dd667,5c284888f2a30ac88e2bef25f88600d33ccf1691,b57fef5d0dd281179a9e35f7a76827fc8bdf76201f8f8da228f7c8e1cb4eca32,66d8d9f7a8b4c55c05b8ac847fc033f74b8a6de27d28ae06b45cd07207afc8dfc5ad1daba69b7170c4c104f7f70cbe6827c8468e1447f9511c476d4088a39cb9
.\Assets\image copy.png,1e7e61be87c54cb4c8196978940bb4c3,58513dd09fc060b0a0dacca9a511a9d88109e919,88ea8052d2bcd386694b3e6f65c87ac28b48f9ece63cc03e44f48f4e67545f55,296fd1f746f3b48a7eabfed5dc363b751410860d7c6300d9e64c09ce7d418b8791175dc1effb74c02dd5a835068b8a25e6a5e92833aaced04ae278c4484df899
.\Assets\image.png,54b48eec913aca52e6a93af0c973537b,f81ad65fc910c4e4608fc51e64411cc8ed8e020c,713f2f731ea21d4a0ca5d462f0a831648f1d32514e27cfc6498b603896cb5e4e,883665a20a4b10ed1f5158239aeb4ad3de07885f93fd665c1589a4cb1403ee6a9f100bac045f111412fc42dd4d5eafff32d8c735eff56fc914c8b9a3018e49d6
